rmse_sa,rmse_nn2,mae_sa,mae_tt,id,run
62238.5528739871,61913.5392680737,37270.6843337526,35833.0044469182,1,sect5
60812.5001625268,61807.2830867745,37842.2869162149,38032.5186619288,2,sect5
61151.1843637509,61027.6136095206,36632.8398873282,37739.0125012169,3,sect5
60555.5533846761,61030.1735845378,36474.9277552148,37085.0793812078,4,sect5
56432.3377857648,55476.7260414883,36282.9963726282,35674.1724603205,5,sect5
